{
    "loss": 9.262092590332031,
    "accuracy": 0.6470588445663452
}